agent_name,curriculum_name,evaluation,aar,ses,learning_stability,mean_reward,std_reward,total_reward,success_rate
dqn,one-pass,129,1.2133669114366448,1.0,0.4898979485566356,9.3,0.7810249675906655,93.0,0.0
dqn,root-p,152,1.3332888888888887,0,0.6324555320336759,9.1,0.7000000000000001,91.0,0.0
dqn,root-p,170,1.3332888888888887,1.0,0.9,9.5,0.5,95.0,0.0
dqn,linear,120,1.249953125,1.0,0.45825756949558394,9.6,0.7999999999999999,96.0,0.0
dqn,mixture,184,1.1725593695989638,0,0.6708203932499369,9.3,0.7810249675906655,93.0,0.0
dqn,anti-curriculum,166,1.7154928396254463,1.0,0.5385164807134504,9.1,0.9433981132056604,91.0,0.0
